"D1_Soft_Tissue_Serous_Adenocarcinoma","D2_Adrenal_Gland_Oncocytoma","D3_Adrenal_Gland_Pheochromocytoma","D4_Appendix_Signet_Ring_Cell_Carcinoma","D5_Colon_Adenocarcinoma","D6_Bladder_Papillary_transitional_cell_carcinoma","D7_Bladder_Small_Cell_Carcinoma","D8_Bladder_Squamous_cell_carcinoma","D9_Bladder_Transitional_cell_carcinoma","D10_Bladder_Urothelial__transitional_cell__carcinoma","D11_Bone_Osteosarcoma","D12_Brain_Astrocytoma","D13_Brain_Glioblastoma_multiformae","D14_Breast_Adenoid_Cystic_Carcinoma","D15_Breast_Colloid_Adenocarcinoma","D16_Breast_Cribiform_Carcinoma","D17_Breast_Ductal_and_Lobular_carcinoma","D18_Breast_Ductal_Carcinoma","D19_Breast_Ductal_Carcinoma_In_situ__DCIS__with_focal_Comedo_Ca","D20_Breast_Inflammatory_Carcinoma","D21_Breast_Intracystic_carcinoma","D22_Breast_Intraductal_Carcinoma","D23_Breast_Intraductal_papillary_carcinoma","D24_Breast_Invasive_Ductal_Carcinoma","D25_Breast_Invasive_ductal_carcinoma_mucinous_type","D26_Breast_Lobular_Carcinoma","D27_Breast_Lobular_carcinoma_in_situ","D28_Breast_Medullary_Carcinoma_NOS","D29_Breast_Metaplastic_Carcinoma","D30_Breast_Metaplastic_squamous_carcinoma","D31_Breast_Mucinous_Carcinoma","D32_Breast_Papillary_carcinoma","D33_Breast_Papillary_Carcinoma__predominantly_micropapillary_pa","D34_Bronchus___Lung_Adenocarcinoma_NOS","D35_Cecum_Adenocarcinoma","D36_Cecum_Adenocarcinoma_arising_in_a_villous_adenoma","D37_Cecum_Mucinous_Adenocarcinoma","D38_Cervical_Lymph_Node_Diffuse_large_B_cell_lymphoma","D39_Cervical_Lymph_Node_Papillary_carcinoma","D40_Cervix_Adenocarcinoma_NOS","D41_Cervix_Adenosquamous_Carcinoma","D42_Cervix_Endometrioid_carcinoma","D43_Cervix_Mucinous_Adenocarcinoma_Endocervical_Type","D44_Cervix_Squamous_cell_carcinoma","D45_Cervix_Squamous_cell_carcinoma_non_keratinizing","D46_Cervix_Uteri_Adenocarcinoma","D47_Cervix_Uteri_Mucinous_Adenocarcinoma","D48_Cervix_Uteri_Small_cell_carcinoma_NOS","D49_Cervix_Uteri_Squamous_cell_carcinoma","D50_Cervix_Uteri_Squamous_cell_carcinoma_keratinizing","D51_Cervix_Uteri_Squamous_cell_carcinoma_non_keratinizing","D52_Cervix_Uteri_Squamous_cell_carcinoma_spindle_cell_type","D53_Cervix_Uteri_Squamous_cell_carcinoma_verrucous","D54_Colon_Adenocarcinoma","D55_Colon_Adenocarcinoma_arising_in_a_villous_adenoma","D56_Colon_Adenocarcinoma_In_situ","D57_Colon_Carcinoma_in_situ_arising_in_a_villous_adenoma","D58_Colon_Clear_cell_adenocarcinoma","D59_Colon_Colloid_Carcinoma","D60_Colon_Medullary_Carcinoma","D61_Colon_Mucinous_Adenocarcinoma","D62_Colon_Mucinous_Carcinoma","D63_Colon_Mucin_producing_adenocarcinoma","D64_Colon_Signet_Ring_Cell_Carcinoma","D65_Colon_Undifferentiated_Carcinoma","D66_Colon_Mantle_Cell_Lymphoma","D67_Common_Bile_Duct_Cholangiocarcinoma","D68_Corpus_Uteri_Endometrioid_carcinoma","D69_Corpus_Uteri_Malignant_mixed_muellerian_tumor","D70_Corpus_Uteri_Serous_adenocarcinoma__papillary_serous_","D71_Duodenum_Adenocarcinoma","D72_Endometrium_Adenosarcoma","D73_Endometrium_Carcinoma_NOS","D74_Endometrium_Clear_cell_adenocarcinoma","D75_Endometrium_Endometrioid_Adenocarcinoma","D76_Endometrium_Endometrioid_carcinoma","D77_Endometrium_Malignant_mixed_muellerian_tumor","D78_Endometrium_Mixed_endometrioid_and_serous_adenocarcinoma","D79_Endometrium_Papillary_Serous_Adenocarcinoma","D80_Endometrium_Serous_adenocarcinoma__papillary_serous_","D81_Endometrium_Undifferentiated_endometrial_sarcoma","D82_Esophagus_Adenocarcinoma","D83_Esophagus_Signet_ring_cell_adenocarcinoma","D84_Exocrine_Pancreas_Ductal_adenocarcinoma","D85_Exocrine_Pancreas_Ductal_Carcinoma","D86_Exocrine_Pancreas_Intraductal_papillary_mucinous_carcinoma_","D87_Fallopian_Tube_Endometrioid_carcinoma","D88_Fallopian_Tube_Papillary_Serous_Carcinoma","D89_Fallopian_Tube_Serous_cystadenocarcinoma_NOS","D90_Femoral_Lymph_Node_Mantle_Cell_Lymphoma","D91_Gallbladder_Adenocarcinoma","D92_Gastroesophageal_junction_Adenocarcinoma","D93_GI_Tract_Connective_Tissue_Gastrointestinal_stromal_tumor_b","D94_Head_of_Pancreas_Ductal_adenocarcinoma","D95_Hepatic_Flexure_Adenocarcinoma","D96_Ileum_Malignant_carcinoid_tumor","D97_Ileum_Anaplastic_large_cell_lymphoma","D98_Ileum_Carcinoid_Tumor","D99_Bone_Dedifferentiated_chondrosarcoma","D100_Islets_of_Langerhans_Malignant_gastrinoma","D101_Jejunum_Adenocarcinoma","D102_Jejunum_Follicular_lymphoma","D103_Kidney_Adenocarcinoma_clear_cell_type","D104_Kidney_Adenocarcinoma_NOS","D105_Kidney_Chromophobe_renal_carcinoma","D106_Kidney_Clear_cell_adenocarcinoma","D107_Kidney_Collecting_duct_carcinoma","D108_Kidney_Conventional__clear_cell__renal_carcinoma","D109_Kidney_Cyst_associated_renal_cell_carcinoma","D110_Kidney_Granular_cell_carcinoma","D111_Kidney_Granular_cell_carcinoma","D112_Kidney_Leiomyosarcoma","D113_Kidney_Mixed_type_renal_cell_carcinoma","D114_Kidney_Papillary_renal_cell_carcinoma","D115_Kidney_Papillary_transitional_cell_carcinoma","D116_Kidney_Renal_cell_carcinoma","D117_Kidney_Renal_cell_carcinoma_sarcomatoid","D118_Kidney_Tubulo_papillary_renal_cell_carcinoma","D119_Kidney_Urothelial__transitional_cell__carcinoma","D120_Kidney_Urothelial_sarcomatoid_carcinoma","D121_Kidney_Angiomyolipoma","D122_Kidney_Malignant_renal_oncocytoma","D123_Kidney_Oncocytoma","D124_Kidney_Renal_oncocytoma","D125_Kidney_Solitary_fibrous_tumor","D126_Liver_Adenocarcinoma_NOS","D127_Liver_Intrahepatic_Cholangiocarcinoma","D128_Lung_Adenocarcinoma_NOS","D129_Lung_Adenosquamous_Carcinoma","D130_Lung_Bronchioloalveolar_carcinoma","D131_Lung_Large_cell_carcinoma","D132_Lung_Large_cell_neuroendocrine_carcinoma","D133_Lung_Mucinous_Adenocarcinoma","D134_Lung_Mucin_producing_adenocarcinoma","D135_Lung_Mucoepidermoid_Carcinoma","D136_Lung_Neuroendocrine_carcinoma","D137_Lung_Non_small_cell_carcinoma","D138_Lung_Papillary_adenocarcinoma","D139_Lung_Squamous_cell_carcinoma","D140_Lung_Squamous_cell_carcinoma_non_keratinizing","D141_Lung_Synovial_sarcoma_monophasic_fibrous","D142_Lymph_Node_Follicular_lymphoma","D143_Lymph_Node_Squamous_cell_carcinoma","D144_Lymph_Node_Mature__peripheral__B_cell_lymphoma","D145_Mesenteric_Lymph_Node_Diffuse_large_B_cell_lymphoma","D146_Mesenteric_Lymph_Node_Follicular_lymphoma","D147_Myometrium_Leiomyosarcoma","D148_Neck_mass_Papillary_carcinoma","D149_Omentum_Malignant_mixed_muellerian_tumor","D150_Omentum_Serous_Adenocarinoma","D151_Omentum_Squamous_cell_carcinoma","D152_Ovary_Adenocarcinoma","D153_Ovary_Adenocarcinoma_with_mixed_subtypes","D154_Ovary_Adenocarcinoma_endometrioid_and_papillary_serous","D155_Ovary_Benign_serous_cystadenoma_of_borderline_malignancy","D156_Ovary_Carcinoid_tumor_with_atypical_features","D157_Ovary_Carcinoma_NOS","D158_Ovary_Carcinosarcoma","D159_Ovary_Clear_cell_adenocarcinoma","D160_Ovary_Clear_cell_adenocarcinoma_NOS","D161_Ovary_Diffuse_large_B_cell_lymphoma","D162_Ovary_Dysgerminoma","D163_Ovary_Endometrioid_Adenocarcinoma","D164_Ovary_Endometrioid_adenocarcinoma_with_sguamous_metaplasia","D165_Ovary_Endometrioid_adenocarcinoma_secretory_variant","D166_Ovary_Endometrioid_carcinoma","D167_Ovary_Malignant_mixed_muellerian_tumor","D168_Ovary_Malignant_teratoma","D169_Ovary_Mixed_Adenocarcinoma_Endometrioid_and_Clear_Cell_Typ","D170_Ovary_Mixed_endometrioid_and_papillary_serous_adenocarcino","D171_Ovary_Mixed_epithelial_tumor","D172_Ovary_Mucinous_Adenocarcinoma","D173_Ovary_Mucinous_Carcinoma","D174_Ovary_Mucinous_cystadenocarcinoma","D175_Ovary_Mucinous_cystic_tumor_of_low_malignant_potential","D176_Ovary_Papillary_cystadenocarcinoma","D177_Ovary_Papillary_mucinous_cystadenocarcinoma","D178_Ovary_Papillary_Serous_Adenocarcinoma","D179_Ovary_Papillary_Serous_Carcinoma","D180_Ovary_Papillary_serous_cystadenocarcinoma","D181_Ovary_Papillary_serous_tumor_of_low_malignant_potential","D182_Ovary_Serous_Adenocarinoma","D183_Ovary_Signet_Ring_Cell_Carcinoma","D184_Ovary_Transitional_cell_carcinoma","D185_Ovary_Undifferentiated_Carcinoma","D186_Ovary_Adult_Granulosa_Cell_Tumor","D187_Ovary_Borderline_tumor_of_ovary_mixed_epithelial_type","D188_Ovary_Endometrioid_tumor_of_low_malignant_potential","D189_Pancreas_Adenocarcinoma_NOS","D190_Pancreas_Carcinoma_with_osteoclast_like_giant_cells","D191_Pancreas_Colloid_Adenocarcinoma_w_Intraductal_Papillary_Mu","D192_Pancreas_Ductal_adenocarcinoma","D193_Para_aortic_tissue_Mixed_germ_cell_tumor","D194_Parotid_Gland_Epithelial_myoepithelial_carcinoma","D195_Parotid_Gland_Keratinizing_Squamous_Cell_Carcinoma","D196_Parotid_Gland_Large_cell_carcinoma","D197_Parotid_Gland_Mucoepidermoid_Carcinoma","D198_Parotid_Lymph_Node_Malignant_melanoma_NOS","D199_Pelvic_Lymph_Node_Follicular_lymphoma","D200_Pelvic_Lymph_Node_Squamous_cell_carcinoma","D201_Pelvic_Lymph_Node_Squamous_cell_carcinoma_non_keratinizing","D202_Pelvic_Malignant_mixed_muellerian_tumor","D203_Pelvic_Papillary_endometrioid_adenocarcinoma_of_low_malign","D204_Soft_Tissue_Carcinoma_NOS","D205_Pelvic_Papillary_Serous_Adenocarcinoma","D206_Penis_Squamous_cell_carcinoma","D207_Peritoneum_Adenocarcinoma","D208_Soft_Tissue_Malignant_fibrous_histiocytoma","D209_Prostate_Adenocarcinoma_Acinar_Type","D210_Prostate_Adenocarcinoma_NOS","D211_Rectosigmoid_Adenocarcinoma","D212_Rectosigmoid_Adenocarcinoma_arising_in_a_villous_adenoma","D213_Rectosigmoid_Adenocarcinoma_in_adenomatous_polyp","D214_Rectosigmoid_Junction_Mucinous_Carcinoma","D215_Rectum_Adenocarcinoma","D216_Rectum_Adenocarcinoma_in_adenomatous_polyp","D217_Rectum_Carcinoma_in_situ_arising_in_a_villous_adenoma","D218_Rectum_Mucinous_Carcinoma","D219_Rectum_Signet_Ring_Cell_Carcinoma","D220_Renal_Pelvis_Papillary_transitional_cell_carcinoma","D221_Renal_Pelvis_Squamous_cell_carcinoma","D222_Renal_Pelvis_Transitional_cell_carcinoma","D223_Renal_Pelvis_Urothelial__transitional_cell__carcinoma","D224_Renal_Pelvis_Oncocytoma","D225_Retroperitoneal_Mass_Liposarcoma","D226_Retroperitoneal_Mass_Spindle_Cell_Sarcoma","D227_Retroperitoneum_Dedifferentiated_liposarcoma","D228_Retroperitoneum_Leiomyosarcoma","D229_Sigmoid_Colon_Adenocarcinoma","D230_Sigmoid_Colon_Adenocarcinoma_arising_in_a_villous_adenoma","D231_Skin_Squamous_cell_carcinoma_NOS","D232_Small_Intestine_Adenocarcinoma","D233_Small_Intestine_Adenocarcinoma_arising_in_tubular_adenoma","D234_Small_Intestine_B_cell_lymphoma_NOS","D235_Small_Intestine_Carcinoid_Tumor","D236_Small_Intestine_Malignant_lymphoma_large_B_cell_diffuse_im","D237_Small_Intestine_Gastrointestinal_Stromal_Tumor__GIST_","D238_Small_Intestine_Neuroendocrine_carcinoma_NOS","D239_Soft_Tissue_Myxoid_liposarcoma","D240_Soft_Tissue_Pleomorphic_sarcoma","D241_Soft_Tissue_Leiomyosarcoma","D242_Soft_Tissue_Malignant_peripheral_nerve_sheath_tumor","D243_Soft_Tissue_Myxoid_pleomorphic_spindle_cell_sarcoma","D244_Soft_Tissue_Liposarcoma","D245_Soft_Tissue_Pleomorphic_sarcoma","D246_Soft_Tissue_Undifferentiated_sarcoma","D247_Soft_Tissue_Ewings_sarcoma_primitive_neuroectodermal_tumor","D248_Soft_Tissue_Synovial_sarcoma","D249_Soft_Tissue_Cellular_Schwannoma","D250_Soft_Tissue_Leiomyosarcoma","D251_Soft_Tissue_Sarcoma_NOS","D252_Spinal_cord_Ependymoma_myxopapillary","D253_Spleen_Carcinoma_NOS","D254_Spleen_Follicular_lymphoma","D255_Spleen_Splenic_marginal_zone_B_cell_lymphoma","D256_Stomach_Adenocarcinoma","D257_Stomach_Adenocarcinoma_Diffuse_Type","D258_Stomach_Signet_Ring_Cell_Carcinoma","D259_Stomach_Spindle_Cell_Sarcoma","D260_Stomach_Tubular_adenocarcinoma","D261_Stomach_Gastrointestinal_stromal_tumor","D262_Stomach_Solitary_fibrous_tumor_benign","D263_Thyroid_Follicular_adenocarcinoma","D264_Superior_mediastinal_lymph_node_Papillary_carcinoma","D265_Thyroid_Medullary_Carcinoma_NOS","D266_Supraclavicular_Lymph_Node_Squamous_cell_carcinoma","D267_Testis_Anaplastic_seminoma","D268_Testis_Mixed_germ_cell_tumor","D269_Thyroid_Papillary_carcinoma","D270_Thyroid_Papillary_carcinoma_follicular_variant","D271_Thyroid_Papillary_carcinoma_oncocytic_variant","D272_Thyroid_Papillary_carcinoma_tall_cell_variant","D273_Tongue_Squamous_cell_carcinoma","D274_Ureter_Papillary_transitional_cell_carcinoma","D275_Ureter_Transitional_cell_carcinoma","D276_Ureterovesicle_junction_Urothelial__transitional_cell__car","D277_Urinary_Bladder_Keratinizing_Squamous_Cell_Carcinoma","D278_Urinary_Bladder_Papillary_carcinoma","D279_Urinary_Bladder_Papillary_transitional_cell_carcinoma","D280_Urinary_Bladder_Small_cell_carcinoma_NOS","D281_Urinary_Bladder_Urothelial__transitional_cell__carcinoma","D282_Urinary_Tract_NOS_Papillary_transitional_cell_carcinoma","D283_Uterine_Cervix_Squamous_cell_carcinoma","D284_Uterine_Corpus_Endometrioid_carcinoma","D285_Uterus_Adenocarcinoma","D286_Uterus_Adenocarcinoma_with_squamous_metaplasia","D287_Uterus_Adenosquamous_Carcinoma","D288_Uterus_Carcinosarcoma","D289_Uterus_Clear_cell_adenocarcinoma","D290_Uterus_Endometrioid_Adenocarcinoma","D291_Uterus_Endometrioid_carcinoma","D292_Uterus_Malignant_Mixed_mesodermal_tumor","D293_Uterus_Malignant_mixed_muellerian_tumor","D294_Uterus_Mixed_Cell_Adenocarcinoma","D295_Uterus_Mixed_clear_cell_and_endometrioid_adenocarcinoma","D296_Uterus_Mixed_endometrioid_and_serous_adenocarcinoma","D297_Uterus_Papillary_Serous_Carcinoma","D298_Uterus_Sarcoma_NOS","D299_Uterus_Serous_adenocarcinoma__papillary_serous_","D300_Uterus_Serous_cystadenocarcinoma","D301_Uterus_Squamous_cell_carcinoma","D302_Uterus_Undifferentiated_Carcinoma","D303_Uterus_Leiomyosarcoma","D304_Vagina_Adenocarcinoma_mixed_epithelial_type","D305_Vaginal_Muellerian_adenosarcoma_with_rhabdomyosarcomatous_","D306_Vaginal_Squamous_cell_carcinoma_non_keratinizing","D307_Vulva_Basal_Cell_carcinoma_NOS","D308_Vulva_Keratinizing_Squamous_Cell_Carcinoma","D309_Vulva_Nodular_melanoma","D310_Vulva_Squamous_cell_carcinoma","D311_Vulvar_Malignant_mixed_muellerian_tumor","D312_Acetabulum_Dedifferentiated_chondrosarcoma","D313_Axillary_Lymph_Node_Ductal_Carcinoma","D314_Breast_Pleomorphic_liposarcoma","D315_Colon_Papillary_Serous_Adenocarcinoma"
"Transport of AspGlu, Extracellular",0,1000,NA,NA,NA,1000,NA,0,0,1000,NA,0,1000,1000,0,1000,0,1000,1000,1000,1000,1000,1000,1000,1000,NA,NA,0,1000,1000,NA,1000,NA,1000,NA,NA,NA,1000,NA,1000,1000,1000,1000,1000,1000,1000,1000,1000,1000,0,1000,1000,0,NA,NA,NA,NA,1000,1000,NA,NA,NA,NA,NA,1000,1000,NA,1000,1000,1000,1000,1000,NA,0,0,1000,1000,1000,NA,1000,0,NA,NA,NA,1000,1000,1000,1000,NA,1000,NA,NA,1000,0,NA,0,1000,NA,NA,1000,0,1000,1000,1000,NA,NA,NA,NA,1000,NA,NA,1000,NA,1000,0,1000,NA,1000,1000,1000,1000,NA,NA,1000,0,0,1000,NA,0,1000,1000,1000,1000,1000,0,0,1000,1000,1000,0,1000,0,1000,1000,0,0,1000,NA,1000,1000,1000,66.8076520235161,1000,1000,NA,1000,1000,1000,1000,0,0,NA,1000,1000,1000,1000,0,1000,NA,1000,1000,0,NA,1000,NA,1000,NA,1000,0,1000,1000,1000,NA,1000,1000,1000,1000,1000,NA,1000,NA,0,NA,0,1000,NA,1000,NA,1000,1000,1000,1000,1000,1000,1000,1000,0,NA,1000,0,NA,NA,NA,NA,NA,1000,NA,NA,NA,1000,1000,1000,1000,1000,1000,1000,1000,NA,NA,NA,0,NA,1000,0,1000,1000,NA,0,1000,1000,1000,1000,1000,1000,NA,1000,0,NA,1000,NA,1000,1000,1000,1000,1000,NA,NA,1000,0,1000,1000,NA,0,NA,1000,0,NA,1000,0,1000,NA,1000,1000,NA,1000,1000,1000,0,NA,1000,1000,0,0,1000,1000,1000,1000,1000,1000,1000,0,1000,0,1000,1000,1000,NA,1000,1000,1000,1000,1000,NA,1000,1000,0,1000,1000,0,0,NA,0,0,1000,1000
"Exchange of AspGlu",0,-1000,0,0,0,-1000,0,0,0,-1000,0,0,-1000,-1000,0,-1000,0,-1000,-1000,-1000,-1000,-1000,-1000,-1000,-1000,0,0,0,-1000,-1000,0,-1000,0,-1000,0,0,0,-1000,0,-1000,-1000,-1000,-1000,-1000,-1000,-1000,-1000,-1000,-1000,0,-1000,-1000,0,0,0,0,0,-1000,-1000,0,0,0,0,0,-1000,-1000,0,-1000,-1000,-1000,-1000,-1000,0,0,0,-1000,-1000,-1000,0,-1000,0,0,0,0,-1000,-1000,-1000,-1000,0,-1000,0,0,-1000,0,0,0,-1000,0,0,-1000,0,-1000,-1000,-1000,0,0,0,0,-1000,0,0,-1000,0,-1000,0,-1000,0,-1000,-1000,-1000,-1000,0,0,-1000,0,0,-1000,0,0,-1000,-1000,-1000,-1000,-1000,0,0,-1000,-1000,-1000,0,-1000,0,-1000,-1000,0,0,-1000,0,-1000,-1000,-1000,-66.8076520235161,-1000,-1000,0,-1000,-1000,-1000,-1000,0,0,0,-1000,-1000,-1000,-1000,0,-1000,0,-1000,-1000,0,0,-1000,0,-1000,0,-1000,0,-1000,-1000,-1000,0,-1000,-1000,-1000,-1000,-1000,0,-1000,0,0,0,0,-1000,0,-1000,0,-1000,-1000,-1000,-1000,-1000,-1000,-1000,-1000,0,0,-1000,0,0,0,0,0,0,-1000,0,0,0,-1000,-1000,-1000,-1000,-1000,-1000,-1000,-1000,0,0,0,0,0,-1000,0,-1000,-1000,0,0,-1000,-1000,-1000,-1000,-1000,-1000,0,-1000,0,0,-1000,0,-1000,-1000,-1000,-1000,-1000,0,0,-1000,0,-1000,-1000,0,0,0,-1000,0,0,-1000,0,-1000,0,-1000,-1000,0,-1000,-1000,-1000,0,0,-1000,-1000,0,0,-1000,-1000,-1000,-1000,-1000,-1000,-1000,0,-1000,0,-1000,-1000,-1000,0,-1000,-1000,-1000,-1000,-1000,0,-1000,-1000,0,-1000,-1000,0,0,0,0,0,-1000,-1000
"Exchange of Apoa1",0,0,500,0,8.24080982771174,0,0,1000,0,0,0,1000,252.46677404237,0,0,0,0,0,0,0,0,0,0,0,0,0,0,0,0,0,0,0,500,0,0,25.6436067082727,1000,0,500,0,0,770.779350888493,0,0,0,0,0,93.469969718768,0,999.983048596996,121.231731015025,0,0,500,0,0,0,0,0,501.2932338809,0,0,115.554128735966,0,0,0,500,0,0,0,0,0,0,34.4671355322371,0,0,0,0,0,0,1000,0,0,0,0,0,0,0,106.383611166287,0,999.951853635051,0,0,1000,0,509.838400698626,0,0,79.8555380008297,0,810.813814397654,0,0,0,0,0,0,0,0,0,0,0,500,0,263.684513137349,0,0,0,9.27852611486077,0,0,0,15.4643841687525,0,1000,1000,0,0,723.045419119652,0,0,0,0,0,0,1000,0,0,0,852.770917314513,0,500,0,0,500,999.982114129466,0,0,0,0,0,1000,0,0,0,0,0,9.58178613913044,0,902.312510564349,679.650187302191,1000,0,0,0,0,1000,0,0,0,0,1000,999.99628647962,0,0,0,0,0,500,0,0,0,1000,0,0,0,0,0,888.063429708027,0,500,0,0,715.150367983023,0,0,0,0,0,0,0,0,0,0,0,0,666.666666666667,0,0,0,0,9.59020506655086,0,0,0,0,0,0,500,0,0,0,62.1587944791614,0,0,0,0,0,0,0,999.967902423367,666.666666666667,0,0,0,0,0,936.343573081709,0,0,0,0,0,0,0,0,607.832586901343,0,0,0,0,0,0,0,0,0,0,0,0,0,0,798.520585720558,1000,0,0,0,999.951853635051,0,999.951853635051,0,0,0,0,1000,0,0,0,0,263.56487564109,0,0,0,500,0,0,0,0,0,0,212.931062588988,0,0,0,0,70.9621025148272,0,483.690045486295,0,35.5298974683069,0,0,0,0,0,0,0,0,0,514.724116521343,0,0,0,0,0,0
"Exchange of Apo C1",0,8.4850484627329,499.829149954673,0,17.0319619766974,0,0,1000,1.46974821283978,0,3.01128086329603,1000,252.46677404237,0,1.9109402074924,0,0,0,0,0,0,0,0,0,0,9.46550682886357,0,0,0,0,0,0,500,0,0,25.6436067082727,1000,0,500,0,0,770.779350888493,0,0,0,0,0,93.469969718768,0,999.983048596996,121.231731015025,0,0,500,0,0,0,0,0,501.2932338809,0,0,115.698854110054,0,0,0,500,0,0,0,0,0,0,29.4695915815809,0,0,0,0,0,0,1000,4.02621480801224,5.60377762324566,0,0,0,0,0,106.383611166287,0,999.951853635051,0,0,1000,0,509.838400698626,0,0,79.8555380008297,0,810.813814397654,0,0,0,0,0,0,6.06558940313511,0,0,0,0,500,0,263.684513137349,0,0,0,9.27852611486077,0,0,0,15.4643841687525,0,1000,1000,0,0,723.045419119652,0,0,0,0,0,0,1000,0,5.51851938696864,0,852.770917314513,0,500,0,0,500,999.982114129466,0,0,0,0,0,1000,0,0,0,3.24934715525544,2.60765022385019,9.58178613913044,0,902.312510564349,679.650187302191,1000,0,0,0,0,1000,0,6.29953800301741,0,4.97640233795278,1000,999.99628647962,0,0,0,6.94926523629095,0,500,0,0,0,1000,0,0,0,0,0,888.063429708027,0,500,0,0,715.150367983023,4.00198616427019,0,0,3.38443865507183,0,0,0,0,6.22839949480783,0,0,0,666.666666666667,0,0,0,0,9.59020506655086,0,0,0,0,0,0,500,0,0,0,62.1587944791614,0,0,0,0,0,0,0,999.967902423367,666.666666666667,0,0,0,4.01310967316623,0,936.343573081709,0,8.4577053494798,0,0,0,0,0,0,588.121774744046,5.81721865975017,0,0,0,0,3.67387188218333,0,0,0,0,0,0,0,0,798.520585720558,1000,6.57518566965674,0,0,999.951853635051,0,999.951853635051,0,0,0,0,1000,0,0,0,3.41017835001238,263.56487564109,0,0,0,500,0,2.60625208056765,0,0,0,0,212.931062588988,0,0,1.63904582796438,0,70.9621025148272,13.1471283781243,483.690045486295,0,0,0,1.87643505643477,0,2.38786030389485,0,0,0,0,0,514.724116521343,0,3.37114829860412,0,0,0,0
"Exchange of Apo C2",0,8.4850484627329,499.829149954673,0,17.0319619766974,0,0,1000,1.46974821283978,0,3.01128086329603,1000,252.46677404237,0,1.9109402074924,0,0,0,0,0,0,0,0,0,0,9.46550682886357,0,0,0,0,0,0,500,0,0,25.6436067082727,1000,0,500,0,0,770.779350888493,0,0,0,0,0,93.469969718768,0,999.983048596996,121.231731015025,0,0,500,0,0,0,0,0,501.2932338809,0,0,115.698854110054,0,0,0,500,0,0,0,0,0,0,29.4695915815809,0,0,0,0,0,0,1000,4.02621480801224,5.60377762324566,0,0,0,0,0,106.383611166287,0,999.951853635051,0,0,1000,0,509.838400698626,0,0,79.8555380008297,0,810.813814397654,0,0,0,0,0,0,6.06558940313511,0,0,0,0,500,0,263.684513137349,0,0,0,9.27852611486077,0,0,0,15.4643841687525,0,1000,1000,0,0,723.045419119652,0,0,0,0,0,0,1000,0,5.51851938696864,0,852.770917314513,0,500,0,0,500,999.982114129466,0,0,0,0,0,1000,0,0,0,3.24934715525544,2.60765022385019,9.58178613913044,0,902.312510564349,679.650187302191,1000,0,0,0,0,1000,0,6.29953800301741,0,4.97640233795278,1000,999.99628647962,0,0,0,6.94926523629095,0,500,0,0,0,1000,0,0,0,0,0,888.063429708027,0,500,0,0,715.150367983023,4.00198616427019,0,0,3.38443865507183,0,0,0,0,6.22839949480783,0,0,0,666.666666666667,0,0,0,0,9.59020506655086,0,0,0,0,0,0,500,0,0,0,62.1587944791614,0,0,0,0,0,0,0,999.967902423367,666.666666666667,0,0,0,4.01310967316623,0,936.343573081709,0,8.4577053494798,0,0,0,0,0,0,588.121774744046,5.81721865975017,0,0,0,0,3.67387188218333,0,0,0,0,0,0,0,0,798.520585720558,1000,6.57518566965674,0,0,999.951853635051,0,999.951853635051,0,0,0,0,1000,0,0,0,3.41017835001238,263.56487564109,0,0,0,500,0,2.60625208056765,0,0,0,0,212.931062588988,0,0,1.63904582796438,0,70.9621025148272,13.1471283781243,483.690045486295,0,0,0,1.87643505643477,0,2.38786030389485,0,0,0,0,0,514.724116521343,0,3.37114829860412,0,0,0,0
"Exchange of HDL_Hs",0,0,-500,0,-8.24080982771174,0,0,-1000,0,0,0,-1000,-252.46677404237,0,0,0,0,0,0,0,0,0,0,0,0,0,0,0,0,0,0,0,-500,0,0,-25.6436067082727,-1000,0,-500,0,0,-770.779350888493,0,0,0,0,0,-93.469969718768,0,-999.983048596996,-121.231731015025,0,0,-500,-9.39067183510213,0,0,0,0,-501.2932338809,0,0,-115.698854110054,0,0,0,-500,0,0,0,0,0,0,-34.4671355322371,0,0,0,0,0,0,-1000,0,0,0,0,0,0,0,-106.383611166287,0,-999.951853635051,0,0,-1000,0,-509.838400698626,0,0,-79.8555380008297,0,-810.813814397654,0,0,0,0,0,0,0,0,0,0,0,-500,0,-263.684513137349,0,0,0,-9.27852611486077,0,0,0,-15.4643841687525,0,-1000,-1000,0,0,-723.045419119652,0,0,0,0,0,0,-1000,0,0,0,-852.770917314513,0,-500,0,0,-500,-999.982114129466,0,0,0,0,0,-1000,0,0,0,0,-2.60765022385019,-9.58178613913044,0,-902.312510564349,-679.650187302191,-1000,0,0,0,0,-1000,0,0,0,0,-1000,-999.99628647962,0,0,0,0,0,-500,0,0,0,-1000,0,0,0,0,0,-888.063429708027,0,-500,0,0,-715.150367983023,0,0,0,0,0,0,0,0,0,0,0,0,-666.666666666667,0,0,0,0,-9.59020506655086,0,0,0,0,0,0,-500,0,0,0,-62.1587944791614,0,0,0,0,0,0,0,-999.967902423367,-666.666666666667,0,0,0,0,0,-936.343573081709,0,0,0,0,0,0,0,0,-607.832586901343,0,0,0,0,0,0,0,0,0,0,0,0,0,0,-798.520585720558,-1000,0,0,0,-999.951853635051,0,-999.951853635051,0,0,0,0,-1000,0,0,0,0,-263.56487564109,0,0,0,-500,0,0,0,0,0,0,-212.931062588988,0,0,0,0,-70.9621025148272,0,-483.690045486295,0,-35.5298974683069,0,0,0,0,0,0,0,0,0,-514.724116521343,0,0,0,0,0,0
"Exchange of ProLysPro",1000,1000,0,0,0,1000,0,1000,1000,1000,0,1000,0,1000,1000,1000,1000,1000,1000,1000,1000,1000,1000,1000,1000,0,0,1000,0,1000,0,1000,0,1000,0,0,0,1000,0,1000,1000,1000,1000,1000,1000,0,1000,1000,1000,1000,1000,1000,1000,0,0,0,0,1000,0,0,0,0,0,0,1000,1000,0,1000,1000,1000,1000,1000,0,1000,1000,1000,1000,1000,0,1000,1000,0,0,0,1000,1000,1000,1000,0,1000,0,0,0,1000,0,1000,1000,0,0,1000,1000,1000,1000,1000,0,0,0,0,1000,0,0,1000,0,1000,1000,1000,0,1000,1000,1000,1000,0,0,1000,1000,1000,1000,0,1000,1000,1000,1000,1000,1000,1000,1000,1000,1000,1000,1000,1000,1000,1000,1000,1000,1000,1000,0,1000,1000,1000,1000,1000,1000,0,1000,1000,1000,1000,1000,1000,0,1000,1000,1000,1000,1000,1000,0,1000,0,1000,0,0,0,1000,0,1000,1000,1000,1000,1000,0,1000,1000,1000,1000,1000,0,1000,0,1000,0,1000,1000,0,1000,0,1000,1000,1000,0,1000,1000,1000,1000,1000,0,0,1000,0,0,0,0,0,1000,0,0,0,1000,1000,0,1000,1000,1000,0,1000,0,0,0,1000,0,0,1000,1000,1000,0,1000,1000,1000,1000,1000,1000,1000,0,1000,1000,0,1000,0,1000,1000,1000,1000,1000,0,0,0,1000,1000,0,0,1000,0,1000,1000,0,1000,1000,1000,0,1000,1000,0,1000,1000,1000,1000,0,1000,1000,1000,1000,1000,0,1000,1000,1000,1000,1000,1000,1000,1000,0,1000,1000,0,1000,1000,1000,1000,1000,0,1000,1000,1000,1000,0,1000,1000,0,1000,1000,1000,1000
"Exchange of TrpLys",-1000,-1000,0,0,0,-1000,0,-1000,-1000,-1000,0,0,0,-1000,-1000,-1000,0,-1000,-1000,-1000,-1000,-1000,-1000,-1000,-1000,0,0,0,0,-1000,0,-1000,0,0,0,0,0,-1000,0,-1000,-1000,0,-1000,-1000,-1000,0,-1000,-1000,-1000,0,-1000,-1000,0,0,0,0,0,0,0,0,0,0,0,0,-1000,0,0,-1000,-1000,-1000,-1000,-1000,0,-1000,-1000,-1000,-1000,-1000,0,-1000,0,0,0,0,-1000,0,0,-1000,0,-1000,0,0,0,0,0,0,0,0,0,-1000,-1000,0,-1000,-1000,0,0,0,0,-1000,0,0,0,0,-1000,0,-1000,0,-1000,-1000,-1000,-1000,0,0,-1000,0,0,-1000,0,0,-1000,-1000,-1000,-1000,-1000,-1000,0,-1000,-1000,-1000,0,0,0,-1000,-1000,0,0,0,0,-1000,-1000,-1000,0,-1000,-1000,0,-1000,-1000,-1000,-1000,0,0,0,-1000,-1000,-1000,-1000,0,-1000,0,-1000,-1000,0,0,0,0,-1000,0,-1000,0,-1000,-1000,-1000,0,-1000,-1000,-1000,-1000,-1000,0,0,0,0,0,0,-1000,0,-1000,0,-1000,-1000,-1000,-1000,0,-1000,-1000,-1000,0,0,-1000,-1000,0,0,0,0,0,-1000,0,0,0,-1000,-1000,-1000,-1000,-1000,-1000,0,-1000,0,0,0,0,0,0,-1000,0,-1000,0,-1000,-1000,-1000,0,-1000,-1000,-1000,0,-1000,0,0,-1000,0,-1000,-1000,-1000,0,-1000,0,0,-1000,0,-1000,-1000,0,0,0,-1000,0,0,-1000,0,-1000,0,0,-1000,0,-1000,-1000,-1000,-1000,0,0,-1000,-1000,0,-1000,-1000,-1000,-1000,-1000,0,-1000,0,0,-1000,-1000,-1000,-1000,0,-1000,0,-1000,-1000,-1000,0,-1000,-1000,-1000,-1000,-1000,0,-1000,0,-1000,-1000,-1000,-1000
"Exchange of TyrGlu",-1000,-1000,0,0,0,-1000,0,0,-1000,-1000,0,0,-1000,-1000,-1000,-1000,-1000,-1000,-1000,-1000,-1000,-1000,-1000,-1000,-1000,0,0,-1000,-1000,-1000,0,-1000,0,-1000,0,0,0,-1000,0,-1000,-1000,-46.5080490143152,-1000,-1000,-1000,-1000,-1000,-1000,-1000,0,-1000,-1000,-1000,0,0,0,0,-1000,-1000,0,0,0,0,0,-1000,-1000,0,-1000,-1000,-1000,-1000,-1000,0,-1000,-1000,-1000,-1000,-1000,0,-1000,0,0,0,0,-1000,-1000,-1000,-1000,0,-1000,0,0,-1000,0,0,0,-1000,0,0,-1000,0,-1000,-1000,-1000,0,0,0,0,-1000,0,0,0,0,-1000,0,-1000,0,-1000,-1000,-1000,-1000,0,0,-1000,-1000,0,-1000,0,0,-1000,-1000,-1000,-1000,-1000,-1000,-1000,-1000,-1000,-1000,0,0,0,-1000,-1000,0,0,-1000,0,0,-1000,-1000,0,-1000,-1000,0,-1000,-1000,-1000,-1000,0,0,0,-1000,-1000,0,-1000,0,-1000,0,-1000,-1000,0,0,-1000,0,-1000,0,-1000,-324.534690225432,-1000,-1000,-1000,0,-1000,-1000,-1000,-1000,-1000,0,-1000,0,-1000,0,0,-1000,0,-1000,0,-1000,-1000,-1000,-1000,-1000,-1000,-1000,-1000,0,0,-1000,0,0,0,0,0,0,-1000,0,0,0,-1000,-1000,-1000,-1000,-1000,-1000,-1000,-1000,0,0,0,0,0,-1000,0,-1000,-1000,0,-1000,-1000,-1000,-1000,-1000,-1000,-1000,0,-1000,0,0,-1000,0,-1000,-1000,-1000,-1000,-1000,0,0,0,-1000,-1000,-1000,0,0,0,-1000,-1000,0,-1000,0,-1000,0,-1000,-1000,0,-1000,-1000,-1000,-1000,0,-1000,-1000,-1000,0,-1000,-1000,-1000,-1000,-1000,-1000,-1000,-1000,-1000,-1000,-1000,-1000,-1000,0,-1000,-1000,-1000,-1000,-1000,0,0,-1000,-1000,-1000,-1000,-1000,-1000,0,-1000,-1000,-1000,-1000
"Exchange of L-Xylulose",0,0,1000,0,0,1000,0,1000,0,0,0,1000,0,0,0,0,0,0,0,0,0,0,0,0,0,0,0,0,0,0,0,0,1000,0,0,0,1000,0,1000,0,0,1000,0,0,0,0,0,0,0,1000,0,0,0,1000,0,0,0,0,0,1000,0,0,0,0,0,0,1000,0,0,0,0,0,0,0,0,0,0,0,0,0,1000,0,0,0,0,0,0,0,0,0,1000,0,0,1000,0,1000,0,0,0,0,1000,0,0,0,0,0,0,0,0,0,0,0,1000,0,1000,0,0,0,0,0,0,0,0,0,1000,1000,0,1000,1000,0,0,0,0,0,0,1000,0,0,0,1000,222.222222222222,1000,0,0,1000,1000,0,0,0,0,0,1000,0,0,0,0,200,0,0,1000,1000,1000,0,0,0,0,1000,0,0,0,0,1000,1000,0,0,0,0,0,1000,0,0,0,1000,0,0,0,0,0,1000,0,1000,0,0,1000,0,0,0,0,0,0,0,0,0,0,0,0,1000,0,0,0,0,0,0,0,1000,0,0,0,0,0,0,0,0,0,0,0,0,0,0,0,1000,1000,0,0,0,0,0,987.920487949582,0,0,0,0,0,0,0,0,1000,0,0,0,0,0,0,0,0,0,0,0,0,0,0,1000,1000,0,0,0,1000,0,1000,1000,1000,0,0,1000,0,0,0,0,1000,0,0,0,1000,0,0,0,0,0,0,0,0,0,0,0,0,0,1000,0,0,0,0,0,0,0,0,0,0,0,1000,0,0,0,0,0,0
"Metabolism (Formation/Degradation) of LysArgLeu",1000,1000,0,0,0,1000,0,0,1000,1000,0,0,1000,0,1000,1000,1000,1000,1000,1000,1000,1000,1000,1000,1000,0,0,1000,0,1000,0,1000,0,1000,0,0,0,0,0,1000,0,0,1000,1000,1000,0,1000,1000,1000,0,1000,1000,1000,0,0,0,0,1000,1000,0,0,0,0,0,0,1000,0,0,1000,1000,1000,1000,0,0,218.58262641538,0,1000,1000,0,1000,0,0,0,0,1000,1000,0,1000,0,0,0,0,0,0,0,0,1000,0,0,1000,0,1000,1000,0,0,0,0,0,1000,0,0,0,0,0,0,1000,0,1000,1000,1000,1000,0,0,1000,0,0,1000,0,0,1000,1000,1000,0,1000,1000,0,1000,0,0,0,1000,0,1000,1000,0,0,1000,0,1000,1000,0,0,1000,1000,0,0,1000,0,1000,0,0,0,1000,1000,1000,1000,0,1000,0,0,1000,0,0,0,0,0,0,1000,0,0,0,1000,0,1000,1000,0,0,1000,0,1000,0,1000,0,0,1000,0,1000,0,1000,1000,1000,1000,1000,0,0,1000,0,0,1000,1000,0,0,0,0,0,1000,0,0,0,1000,0,1000,1000,0,1000,1000,1000,0,0,0,0,0,1000,1000,1000,1000,0,0,1000,1000,1000,1000,1000,1000,0,0,0,0,0,0,1000,1000,1000,0,1000,0,0,1000,0,1000,1000,0,0,0,1000,1000,0,1000,0,1000,0,1000,1000,0,1000,1000,1000,1000,0,1000,1000,1000,0,1000,1000,1000,1000,1000,1000,1000,1000,1000,1000,1000,1000,1000,0,1000,1000,1000,1000,0,0,1000,1000,0,1000,1000,0,1000,0,1000,1000,1000,1000
"Transport of ProCys, Extracellular",1000,1000,NA,NA,NA,1000,NA,0,1000,1000,NA,0,1000,0,1000,1000,0,1000,1000,1000,1000,0,1000,1000,1000,NA,NA,1000,1000,1000,NA,0,NA,1000,NA,NA,NA,1000,NA,1000,1000,0,1000,1000,1000,1000,1000,0,1000,0,0,1000,1000,NA,NA,NA,NA,1000,0,NA,NA,NA,NA,NA,0,0,NA,0,1000,1000,0,1000,NA,1000,1000,1000,0,0,NA,0,0,NA,NA,NA,0,1000,1000,1000,NA,1000,NA,NA,1000,0,NA,0,1000,NA,NA,1000,1000,1000,1000,1000,NA,NA,NA,NA,1000,NA,NA,1000,NA,1000,1000,1000,NA,1000,0,1000,1000,NA,NA,1000,0,0,0,NA,0,1000,1000,1000,1000,1000,0,0,1000,0,1000,1000,1000,0,1000,1000,1000,0,1000,NA,1000,1000,1000,1000,0,0,NA,1000,1000,1000,1000,0,0,NA,1000,1000,1000,0,1000,1000,NA,1000,0,0,NA,1000,NA,1000,NA,1000,1000,1000,1000,1000,NA,0,1000,1000,1000,0,NA,0,NA,0,NA,0,0,NA,1000,NA,1000,1000,1000,0,1000,0,1000,1000,1000,NA,1000,1000,NA,NA,NA,NA,NA,1000,NA,NA,NA,1000,0,1000,1000,1000,1000,1000,1000,NA,NA,NA,0,NA,1000,1000,1000,1000,NA,0,1000,1000,1000,1000,1000,1000,NA,1000,0,NA,1000,NA,0,1000,1000,1000,1000,NA,NA,1000,1000,1000,0,NA,0,NA,1000,1000,NA,1000,0,1000,NA,1000,1000,NA,1000,1000,1000,1000,NA,1000,1000,0,0,1000,0,0,1000,1000,1000,1000,1000,1000,1000,0,1000,1000,NA,1000,1000,1000,0,1000,NA,1000,0,1000,1000,1000,0,1000,NA,1000,1000,403.54800130965,0
"Metabolism (Formation/Degradation) of ProLysPro",-1000,-1000,0,0,0,-1000,0,-1000,-1000,-1000,0,-1000,0,-1000,-1000,-1000,-1000,-1000,-1000,-1000,-1000,-1000,-1000,-1000,-1000,0,0,-1000,0,-1000,0,-1000,0,-1000,0,0,0,-1000,0,-1000,-1000,-1000,-1000,-1000,-1000,0,-1000,-1000,-1000,-1000,-1000,-1000,-1000,0,0,0,0,-1000,0,0,0,0,0,0,-1000,-1000,0,-1000,-1000,-1000,-1000,-1000,0,-1000,-1000,-1000,-1000,-1000,0,-1000,-1000,0,0,0,-1000,-1000,-1000,-1000,0,-1000,0,0,0,-1000,0,-1000,-1000,0,0,-1000,-1000,-1000,-1000,-1000,0,0,0,0,-1000,0,0,-1000,0,-1000,-1000,-1000,0,-1000,-1000,-1000,-1000,0,0,-1000,-1000,-1000,-1000,0,-1000,-1000,-1000,-1000,-1000,-1000,-1000,-1000,-1000,-1000,-1000,-1000,-1000,-1000,-1000,-1000,-1000,-1000,-1000,0,-1000,-1000,-1000,-1000,-1000,-1000,0,-1000,-1000,-1000,-1000,-1000,-1000,0,-1000,-1000,-1000,-1000,-1000,-1000,0,-1000,0,-1000,0,0,0,-1000,0,-1000,-1000,-1000,-1000,-1000,0,-1000,-1000,-1000,-1000,-1000,0,-1000,0,-1000,0,-1000,-1000,0,-1000,0,-1000,-1000,-1000,0,-1000,-1000,-1000,-1000,-1000,0,0,-1000,0,0,0,0,0,-1000,0,0,0,-1000,-1000,0,-1000,-1000,-1000,0,-1000,0,0,0,-1000,0,0,-1000,-1000,-1000,0,-1000,-1000,-1000,-1000,-1000,-1000,-1000,0,-1000,-1000,0,-1000,0,-1000,-1000,-1000,-1000,-1000,0,0,0,-1000,-1000,0,0,-1000,0,-1000,-1000,0,-1000,-1000,-1000,0,-1000,-1000,0,-1000,-1000,-1000,-1000,0,-1000,-1000,-1000,-1000,-1000,0,-1000,-1000,-1000,-1000,-1000,-1000,-1000,-1000,0,-1000,-1000,0,-1000,-1000,-1000,-1000,-1000,0,-1000,-1000,-1000,-1000,0,-1000,-1000,0,-1000,-1000,-1000,-1000
"Transport of ProLysPro, Extracellular",-1000,-1000,NA,NA,NA,-1000,NA,-1000,-1000,-1000,NA,-1000,0,-1000,-1000,-1000,-1000,-1000,-1000,-1000,-1000,-1000,-1000,-1000,-1000,NA,NA,-1000,0,-1000,NA,-1000,NA,-1000,NA,NA,NA,-1000,NA,-1000,-1000,-1000,-1000,-1000,-1000,0,-1000,-1000,-1000,-1000,-1000,-1000,-1000,NA,NA,NA,NA,-1000,0,NA,NA,NA,NA,NA,-1000,-1000,NA,-1000,-1000,-1000,-1000,-1000,NA,-1000,-1000,-1000,-1000,-1000,NA,-1000,-1000,NA,NA,NA,-1000,-1000,-1000,-1000,NA,-1000,NA,NA,0,-1000,NA,-1000,-1000,NA,NA,-1000,-1000,-1000,-1000,-1000,NA,NA,NA,NA,-1000,NA,NA,-1000,NA,-1000,-1000,-1000,NA,-1000,-1000,-1000,-1000,NA,NA,-1000,-1000,-1000,-1000,NA,-1000,-1000,-1000,-1000,-1000,-1000,-1000,-1000,-1000,-1000,-1000,-1000,-1000,-1000,-1000,-1000,-1000,-1000,-1000,NA,-1000,-1000,-1000,-1000,-1000,-1000,NA,-1000,-1000,-1000,-1000,-1000,-1000,NA,-1000,-1000,-1000,-1000,-1000,-1000,NA,-1000,0,-1000,NA,0,NA,-1000,NA,-1000,-1000,-1000,-1000,-1000,NA,-1000,-1000,-1000,-1000,-1000,NA,-1000,NA,-1000,NA,-1000,-1000,NA,-1000,NA,-1000,-1000,-1000,0,-1000,-1000,-1000,-1000,-1000,NA,0,-1000,NA,NA,NA,NA,NA,-1000,NA,NA,NA,-1000,-1000,0,-1000,-1000,-1000,0,-1000,NA,NA,NA,-1000,NA,0,-1000,-1000,-1000,NA,-1000,-1000,-1000,-1000,-1000,-1000,-1000,NA,-1000,-1000,NA,-1000,NA,-1000,-1000,-1000,-1000,-1000,NA,NA,0,-1000,-1000,0,NA,-1000,NA,-1000,-1000,NA,-1000,-1000,-1000,NA,-1000,-1000,NA,-1000,-1000,-1000,-1000,NA,-1000,-1000,-1000,-1000,-1000,0,-1000,-1000,-1000,-1000,-1000,-1000,-1000,-1000,0,-1000,-1000,NA,-1000,-1000,-1000,-1000,-1000,NA,-1000,-1000,-1000,-1000,0,-1000,-1000,NA,-1000,-1000,-1000,-1000
"Metabolism (Formation/Degradation) of TyrGlu",1000,1000,0,0,0,1000,0,0,1000,1000,0,0,1000,1000,1000,1000,1000,1000,1000,1000,1000,1000,1000,1000,1000,0,0,1000,1000,1000,0,1000,0,1000,0,0,0,1000,0,1000,1000,46.5080490143152,1000,1000,1000,1000,1000,1000,1000,0,1000,1000,1000,0,0,0,0,1000,1000,0,0,0,0,0,1000,1000,0,1000,1000,1000,1000,1000,0,1000,1000,1000,1000,1000,0,1000,0,0,0,0,1000,1000,1000,1000,0,1000,0,0,1000,0,0,0,1000,0,0,1000,0,1000,1000,1000,0,0,0,0,1000,0,0,0,0,1000,0,1000,0,1000,1000,1000,1000,0,0,1000,1000,0,1000,0,0,1000,1000,1000,1000,1000,1000,1000,1000,1000,1000,0,0,0,1000,1000,0,0,1000,0,0,1000,1000,0,1000,1000,0,1000,1000,1000,1000,0,0,0,1000,1000,0,1000,0,1000,0,1000,1000,0,0,1000,0,1000,0,1000,324.534690225432,1000,1000,1000,0,1000,1000,1000,1000,1000,0,1000,0,1000,0,0,1000,0,1000,0,1000,1000,1000,1000,1000,1000,1000,1000,0,0,1000,0,0,0,0,0,0,1000,0,0,0,1000,1000,1000,1000,1000,1000,1000,1000,0,0,0,0,0,1000,0,1000,1000,0,1000,1000,1000,1000,1000,1000,1000,0,1000,0,0,1000,0,1000,1000,1000,1000,1000,0,0,0,1000,1000,1000,0,0,0,1000,1000,0,1000,0,1000,0,1000,1000,0,1000,1000,1000,1000,0,1000,1000,1000,0,1000,1000,1000,1000,1000,1000,1000,1000,1000,1000,1000,1000,1000,0,1000,1000,1000,1000,1000,0,0,1000,1000,1000,1000,1000,1000,0,1000,1000,1000,1000
"Transport of TyrGlu, Extracellular",1000,1000,NA,NA,NA,1000,NA,0,1000,1000,NA,0,1000,1000,1000,1000,1000,1000,1000,1000,1000,1000,1000,1000,1000,NA,NA,1000,1000,1000,NA,1000,NA,1000,NA,NA,NA,1000,NA,1000,1000,46.5080490143152,1000,1000,1000,1000,1000,1000,1000,0,1000,1000,1000,NA,NA,NA,NA,1000,1000,NA,NA,NA,NA,NA,1000,1000,NA,1000,1000,1000,1000,1000,NA,1000,1000,1000,1000,1000,NA,1000,0,NA,NA,NA,1000,1000,1000,1000,NA,1000,NA,NA,1000,0,NA,0,1000,NA,NA,1000,0,1000,1000,1000,NA,NA,NA,NA,1000,NA,NA,0,NA,1000,0,1000,NA,1000,1000,1000,1000,NA,NA,1000,1000,0,1000,NA,0,1000,1000,1000,1000,1000,1000,1000,1000,1000,1000,0,0,0,1000,1000,0,0,1000,NA,0,1000,1000,0,1000,1000,NA,1000,1000,1000,1000,0,0,NA,1000,1000,0,1000,0,1000,NA,1000,1000,0,NA,1000,NA,1000,NA,1000,324.534690225432,1000,1000,1000,NA,1000,1000,1000,1000,1000,NA,1000,NA,1000,NA,0,1000,NA,1000,NA,1000,1000,1000,1000,1000,1000,1000,1000,0,NA,1000,0,NA,NA,NA,NA,NA,1000,NA,NA,NA,1000,1000,1000,1000,1000,1000,1000,1000,NA,NA,NA,0,NA,1000,0,1000,1000,NA,1000,1000,1000,1000,1000,1000,1000,NA,1000,0,NA,1000,NA,1000,1000,1000,1000,1000,NA,NA,0,1000,1000,1000,NA,0,NA,1000,1000,NA,1000,0,1000,NA,1000,1000,NA,1000,1000,1000,1000,NA,1000,1000,1000,0,1000,1000,1000,1000,1000,1000,1000,1000,1000,1000,1000,1000,1000,NA,1000,1000,1000,1000,1000,NA,0,1000,1000,1000,1000,1000,1000,NA,1000,1000,1000,1000
